timestamp,PM2.5,PM10,NO2,CO,SO2,O3,Temperature,Humidity
2025-10-05T14:16:58.721076,53.54100965702749,54.807022259449106,18.433454934046352,1.1217762053224043,9.985172631492206,10,28.065858765089807,69.92185223366855
2025-10-05T14:16:58.721358,53.271191489771915,12.184744647202209,5,1.0690772098403,8.22451267192343,21.187240971782167,34.42023132770284,36.91449526794206
2025-10-05T14:16:58.721384,60.243753090181656,59.63195017269014,28.747813064559644,0.682883396326246,17.983721833181885,40.639483295227045,21.303049150949498,62.32350709135427
2025-10-05T14:16:58.721400,36.93503722186678,43.83184342562148,24.490103011068225,1.1468424151063044,11.500979607783892,38.38721867013366,17.982175288755915,37.700195600306124
2025-10-05T14:16:58.721413,57.31374476101416,42.82830894905929,21.78346432762069,0.5347226497153994,8.349273510092532,34.50751441416714,31.881238957081898,45.03111881416235
2025-10-05T14:16:58.721434,40.92609825587034,72.59407501555694,23.767186820869238,0.7482140611261728,9.610440834335133,24.201084466853082,18.240796132762924,64.75086950355367
2025-10-05T14:16:58.721447,32.084390363726705,70.83186070454951,40.30764458594696,0.7429362724485205,10.547202131969227,37.28810713657157,15.036013012898481,40.80976772602842
2025-10-05T14:16:58.721458,5,31.74202305660172,38.05545595763092,0.6557714433459642,9.439641132937753,26.300939322356037,26.876303132354998,69.26209423641907
2025-10-05T14:16:58.721470,56.73277492126884,16.736933606779267,21.120448521616908,1.2416238927936791,6.972312297191349,35.92025049140037,27.394087493976564,74.47014673467334
2025-10-05T14:16:58.721481,29.29665419471563,71.68843785330634,27.41678313782127,0.35904455960390047,1,57.01399451933767,21.591438878580664,55.5931854468841
2025-10-05T14:16:58.721494,5,72.78657872464625,15.47324053652314,1.2266480101683594,20.95594330685315,50.380637271650414,16.38890404456312,42.92395496124283
2025-10-05T14:16:58.721585,5,54.02577568337315,30.174699943065875,1.2289649428404796,16.5882819614121,32.145095327224496,28.800499973149506,59.8256272802671
2025-10-05T14:16:58.721601,34.03785712439837,13.997001084030757,18.934274298018774,0.978628406701578,14.06627343092369,19.677349784637055,33.41121273377697,41.96858805679479
2025-10-05T14:16:58.721615,29.358074014400298,20.6690241376265,28.433453051101026,0.8248590621038246,22.642618051816747,46.44097497922287,21.87270533630251,44.07952120023586
2025-10-05T14:16:58.721629,38.96729310006679,84.71626378338769,33.13322396603611,0.7863716526861556,14.806024327602731,21.92028682258802,24.2246325966682,48.50739932189604
2025-10-05T14:16:58.721642,16.607957107874697,40.79274984166776,11.199701883833384,1.63860717287502,14.225804021774296,38.1669233964567,34.48652240453296,33.59626506442892
2025-10-05T14:16:58.721656,48.54582354812939,89.66190181966164,27.653273952426687,1.4457663524013893,15.331574850923005,48.61910136047997,25.400284865088516,70.44087539750466
2025-10-05T14:16:58.721676,26.008876294368363,68.17565236016999,33.643758674157525,0.7062881820338944,2.975784750613901,39.701011631181586,23.134923688257267,60.22785886802646
2025-10-05T14:16:58.721690,23.0834125013929,51.46138876381745,12.41603848138195,1.8055871074056347,7.487893928491045,50.10576925084524,27.748220490404577,68.60339015913385
2025-10-05T14:16:58.721704,20.693206695086083,54.214195098215036,17.109150349636813,0.1,4.539761567372662,66.77903511617842,22.585809260573086,33.79424157671428
2025-10-05T14:16:58.721719,68.89744788423266,64.11808822044516,21.78014162802964,0.1,12.028553531423661,23.19191170811272,23.3662961380631,70.09403233568665
2025-10-05T14:16:58.721738,20.05872375134505,52.973889479500045,34.370411452985,0.1,14.087769008864289,17.107643955523272,16.56642598823744,34.48270859903152
2025-10-05T14:16:58.721751,39.58166316425331,83.31954988609559,10.348397369901253,0.5400121561220765,24.34393163503684,53.118921830039355,32.472820462280296,53.17920524721313
2025-10-05T14:16:58.721764,62.510881109456975,57.384346104259656,28.738976200311917,0.12542959770276163,19.09734129767251,49.595109513574414,19.189004323772636,72.01229835511072
2025-10-05T14:16:58.721776,6.699040242066619,37.110946086690134,54.30153700879619,0.6389392343118234,7.874812008626039,10.32594880021631,25.137985822456734,62.42073835514806
2025-10-05T14:16:58.721790,56.982823249718685,34.193520846248035,20.420382394047863,1.2071670260537208,17.66960950074652,36.054051136197465,22.340726169436277,66.32544506173502
2025-10-05T14:16:58.721803,36.6792595565801,59.87490712573332,60.97811969388201,1.1241910907650505,12.240807195155012,54.33043012530203,16.211330176136002,39.59753824850886
2025-10-05T14:16:58.721814,10.64000767969717,22.168560960798615,20.565637287898163,1.7133009378175386,11.860372136716405,50.356740711105886,31.567552990678585,40.32304593045343
2025-10-05T14:16:58.721822,41.32523346139262,10,17.858697798587002,1.3644422653255048,16.327105831552572,37.806606420822966,22.035415273640396,30.819698514174316
2025-10-05T14:16:58.721830,35.7210320482207,98.11865125580357,12.252343093194991,0.24497030994129676,24.298731042703594,10,31.906610665490494,38.63236104456982
2025-10-05T14:16:58.721955,30.78224544082653,13.633859557361653,28.455944881197777,1.1710830288837974,5.327525131232376,17.77526648174126,27.765746310682577,42.8827254990726
2025-10-05T14:16:58.721969,26.06006885663362,65.24706243077176,28.2062697698455,0.9361478973640217,6.295655223821647,37.189235303904695,32.083892657164554,76.71825151359346
2025-10-05T14:16:58.721984,31.685683868498913,59.677994617288206,28.24380160291869,0.5495783608294852,1,25.96585595057422,21.427079591958424,72.66838660619732
2025-10-05T14:16:58.721999,50.46981419877186,20.593915181930285,31.48155628152649,0.4285283637589655,3.6654266778082967,31.764257563187414,22.675768549395446,51.110544977937856
2025-10-05T14:16:58.722163,47.147492423923104,10,28.202462228205516,1.453106584756604,26.10334831212647,49.05203683390165,23.252587814332166,77.48736484257873
2025-10-05T14:16:58.722182,23.36727123206668,83.95387909039025,28.693534157292433,0.1,10.447572532323298,41.43661437807545,27.656781953664535,52.66663125298889
2025-10-05T14:16:58.722198,26.333568677905106,50.201989801862396,21.27534248457529,0.9967400903844058,10.338879061161421,34.919552339703564,32.49732294190237,44.56632785665142
2025-10-05T14:16:58.722264,41.254286802599616,76.90277455899714,28.704279929584473,1.4220916898304654,3.3916622304607884,37.63445635712433,23.162669110549654,54.70442139187372
2025-10-05T14:16:58.722287,25.848051593576606,39.87871169330094,16.498239707999602,1.4684847244697206,11.51033538816953,38.570159424767816,33.55182270921229,35.038270513166765
2025-10-05T14:16:58.722299,19.463036080872058,49.1573788038167,12.709523478794628,0.926145715829277,6.392669378320163,44.732527759800426,18.266060961505946,42.028818662598326
2025-10-05T14:16:58.722316,90.93131812882005,62.66274705349592,27.771480067716197,0.7875089897498433,7.775175777289512,42.265191112599226,15.655648572944436,65.10903533392525
2025-10-05T14:16:58.722332,49.685093597249434,33.64880145431393,25.24709152600153,0.498296688829443,17.432302500895585,28.986513253207242,28.49927761296736,74.6534524081116
2025-10-05T14:16:58.722345,29.452117721200587,48.89122274191191,32.18883299448247,1.5426208817184182,6.496122746671201,45.0812542455086,34.224127096628045,56.06870330601561
2025-10-05T14:16:58.722357,43.5038605647694,57.652581658509206,22.531149712411384,1.1579301046080313,16.471627929479617,70.49608528976486,34.291498322593156,35.02584686946188
2025-10-05T14:16:58.722368,22.873347586987656,61.02512423558835,22.83095436663431,0.9348376749143267,1,39.62489291254678,34.9993422816665,46.80287381919821
2025-10-05T14:16:58.722380,9.954738309420911,10,39.299537688664124,0.7801970217268281,17.681525918816174,52.95752154562736,26.0791749789847,71.7833434098209
2025-10-05T14:16:58.722392,52.54446326718758,13.40031691214088,45.704407695589325,2.0802159678408056,10.720926682003562,45.64328569829192,29.320358790190838,79.73398409105087
2025-10-05T14:16:58.722403,29.357508435467068,35.66493670778975,19.315710954481908,0.6164376697412117,6.932471090606442,30.62165234926872,21.725098065538624,40.42813349953866
2025-10-05T14:16:58.722414,52.14252864406321,56.91377998448671,41.496671445622816,1.1079618126209592,9.47277773508223,38.32916144150666,32.01881780864918,63.965189446602515
2025-10-05T14:16:58.722425,21.290132223188998,42.74514298373619,17.911346222649613,1.154713855351928,6.647065106184094,52.17126377946747,22.426961405440224,38.25670148658308
2025-10-05T14:16:58.722438,17.34402807959263,40.47953386884708,14.48497894222007,1.3999749641720145,14.68068180237994,48.0031974926824,26.780622626704545,40.84117276181177
2025-10-05T14:16:58.722446,16.88462092993712,44.48484329557426,51.67031700444558,1.6550892892720501,18.5602447909114,38.38410693505281,29.439782914465056,74.47835223906283
2025-10-05T14:16:58.722453,72.9486751636109,39.06001711568126,25.77732326070481,1.2091780865546742,19.758185784580714,50.04818760232639,30.28323189902598,73.89225862959348
2025-10-05T14:16:58.722460,26.186852066915478,43.607182876183664,10.779962679695263,1.3173548585792791,17.866262584470544,29.87616053368344,25.514699275845306,57.104594379349095
2025-10-05T14:16:58.722471,30.652504585647183,57.675076976921815,22.71529381312514,0.7876828700169349,14.137059543832937,17.43699777099156,31.36148390431943,79.34117276767887
2025-10-05T14:16:58.722478,66.38873051124666,75.62844906757373,32.334306639755965,1.0054741471347772,10.878114300381704,27.166526720377476,27.67389968353652,33.86504792592677
2025-10-05T14:16:58.722487,5,92.43943966945527,5,0.5402359901505712,3.2186732096806985,39.64886839805662,30.871753856466682,35.97315654809357
2025-10-05T14:16:58.722496,15.673704239801133,79.83561325830946,35.24477427935261,1.013652698685629,3.3371803425926654,34.675718176989406,29.85821249373318,76.99315625219037
2025-10-05T14:16:58.722503,42.861583063751375,19.09484970885667,41.43990190933756,0.6995680698467183,24.14852408255134,28.323766637099364,27.712272582414627,52.26189272157359
2025-10-05T14:16:58.722510,27.526422912580827,29.659074512171195,22.12371816904468,1.3826879420672238,17.244515797958563,37.226284060688165,23.07263668265734,48.15891805729176
2025-10-05T14:16:58.722517,43.5306019871221,40.19774201373908,29.838972270776967,0.4041174225838877,12.424633617856715,36.127848072208074,18.961382928184623,63.32845089449014
2025-10-05T14:16:58.722525,54.2569190528115,55.08939804109819,34.25902426840387,0.5082713348617798,5.3903433534193335,33.111120476409006,32.4276822903674,71.95676798175928
2025-10-05T14:16:58.722532,20.376124556064234,84.68217295743723,28.43112911243132,0.6156075657405149,16.3369188128445,36.33001179079401,32.326477539224406,67.82777556475844
2025-10-05T14:16:58.722540,37.102847996737964,74.00180607351251,22.642754326151596,1.4971610342763924,1,41.643561527206465,34.74565232244398,72.30171761465678
2025-10-05T14:16:58.722547,43.843598801277935,34.62167823474308,19.89242965853981,0.5147164808526453,15.634483754491203,34.50983582159958,26.803611498623518,46.6100894855411
2025-10-05T14:16:58.722557,20.325148027572588,69.37692521113946,36.840886409857276,1.3173679868275923,2.9346174203684274,28.632838001468407,30.747465600794072,65.19618609911745
2025-10-05T14:16:58.722564,9.399360321617962,87.76852643885101,16.097715906230565,0.4746261594812887,7.41420046145852,89.52631922156286,34.8569180081332,75.7210232685309
2025-10-05T14:16:58.722571,31.92261143467148,90.1335487910087,24.959647076078365,1.249719956963886,10.280062979329537,39.44290969017938,19.547285322302475,38.99137298619507
2025-10-05T14:16:58.722578,56.87702908100488,42.291876301071085,44.08336051959685,0.4508933465640361,18.707281879748674,48.19453880462718,24.132665180415618,56.748601781518005
2025-10-05T14:16:58.722585,7.354256751464462,41.37523950673997,37.55772077208424,0.604081141707136,21.77497411580693,42.06344607875916,21.971233830965232,59.70847157397449
2025-10-05T14:16:58.722593,24.30062769109923,78.13701882094692,29.78283291848321,0.22315644099687615,9.38646742374221,48.75751920456092,29.707266158870375,78.01006627498376
2025-10-05T14:16:58.722602,56.38420707187583,27.357513152886106,20.363422209189153,1.24842680963081,13.847009288599265,41.860882367779254,22.61300516529119,71.82365068347258
2025-10-05T14:16:58.722610,8.371713813834333,69.67379158403753,17.52604446475361,1.1183339393766007,21.98825790489358,49.5258350689858,29.484399742559553,78.09104220510918
2025-10-05T14:16:58.722617,21.552400513217616,35.78867141102134,19.432682443507993,1.8800830542828924,1,39.82528725257664,23.693008660860684,74.03010580594713
2025-10-05T14:16:58.722624,31.604744597139437,50.4646531790866,10.06945358758161,0.9937567656090757,16.5241764598406,31.506583798045128,30.447914676089702,65.62730793772712
2025-10-05T14:16:58.722633,53.56935765296913,61.70723234301403,30.8754583782056,0.2091186377207611,8.224492474392452,46.8036688378583,15.202337561745738,53.86311810171213
2025-10-05T14:16:58.722641,21.445902130685198,10,21.414438622800755,0.430062243007735,8.490595340156366,22.043961440695615,30.897599082503337,42.083232076288056
2025-10-05T14:16:58.722654,29.418627078368,24.983473166859465,33.07864801495696,1.8292119947649892,10.014842321146427,57.1846750506369,17.413847448840478,63.559191757916736
2025-10-05T14:16:58.722666,23.346302986777403,65.54263640824968,22.811691780615583,0.935978106044133,9.610422143807819,34.34699952938496,30.552866089272968,35.52223253298118
2025-10-05T14:16:58.722678,54.90097143613838,45.95899727034793,20.30452777685356,0.3893366218374761,2.0017027879084814,46.18056804924603,23.17027811905961,52.697786706283324
2025-10-05T14:16:58.722691,7.867134007063001,19.430671525120985,34.06718019633369,0.5977916536435686,20.69862814840662,65.57363911265023,33.199866879021656,47.22171564680879
2025-10-05T14:16:58.722702,19.94853889678264,73.71875225669308,34.18941874998046,1.1308900906820976,2.953378124297103,47.748340667253125,32.24439707270277,71.88108467066249
2025-10-05T14:16:58.722715,45.071286238691016,13.035709269859773,34.23975449764431,1.3668044539598307,13.651567200097533,41.443761308071835,17.947347342156498,79.19853841180218
2025-10-05T14:16:58.722727,56.022900367194424,23.900726064933504,21.54411336547728,1.3980103842252654,23.951894107162953,41.03920094745409,24.529260945796253,53.885480787176235
2025-10-05T14:16:58.722739,5,24.758841087901896,13.671739927648256,1.0349490953221807,16.827679044182787,28.590021298576257,28.42982706399056,52.40784226197968
2025-10-05T14:16:58.722754,10.451431456779599,73.94146635888299,30.756296258239917,0.5589888958026253,15.289625106028247,73.64918029838329,15.39808837287076,50.785028195292014
2025-10-05T14:16:58.722766,30.38654329279963,60.41218916321799,23.727271985829,0.5523938693743129,29.118915034216176,48.81083976679942,33.91973606724663,74.12043029382666
2025-10-05T14:16:58.722779,44.411114679019256,80.82645296088876,41.499878811530664,1.5002392532462978,1,46.9343807590092,25.069717552473705,79.19994706020267
2025-10-05T14:16:58.722864,31.48707383622048,54.63814817059901,32.43312862496296,0.17194256959143372,10.593379742284657,57.263646842357986,29.99709915920439,64.65504770148448
2025-10-05T14:16:58.722944,23.730068566783224,10,44.73676073277425,1.053672847683362,7.850534891092896,67.89055692078679,32.79036758682459,56.56199154195342
2025-10-05T14:16:58.722963,16.69937515857748,80.84126290838458,12.073312466401411,1.0774711125280523,21.208315495442868,32.71174511863732,20.559791224491224,44.73370400266547
2025-10-05T14:16:58.722973,24.797205273753562,82.67300998291458,36.9238641261781,1.933881342591715,18.645818316332086,13.419334219573887,27.279022470129107,68.18349553806442
2025-10-05T14:16:58.722980,37.29881312859359,44.86684987985559,20.33795486222785,0.1,8.505205258430014,26.91664731848764,16.31369609821064,36.23286332165032
2025-10-05T14:16:58.722991,73.39115781300339,27.836419071342995,12.722255870682185,0.9348716915620685,13.734585374953157,22.42688728977776,29.065769476068198,57.99262288010331
2025-10-05T14:16:58.722999,45.55611969617597,13.985777177947767,23.134898258215635,0.850893921376428,15.328201789897273,40.96348185581199,18.600034618299123,40.18747921927666
2025-10-05T14:16:58.723012,47.87982080498128,47.75126439647489,28.03685579266615,1.4052464676289356,3.2820394820357777,28.217866776304156,18.566214795159482,68.86895198400025
2025-10-05T14:16:58.723020,17.82722111763239,58.389434611682354,34.08700483706133,1.1202026227752875,7.183010782541769,47.9543829690123,23.91749971536656,53.471192283832295
2025-10-05T14:16:58.723028,53.09033874442744,37.17400082247961,25.647220024350496,1.5813948518516903,16.13352207984186,39.43101615538906,26.83060374276861,63.55315595787814
2025-10-05T14:16:58.723035,30.948068357827474,38.95393241563382,14.273598889168277,0.5031605173055926,16.457556609720502,43.88217375748693,20.016298842754054,78.51136331741415
2025-10-05T14:16:58.723043,12.95371430632144,87.91994686060993,26.03641848347177,1.7071942333843202,17.6653693804466,32.239217000263125,23.26502680416477,78.29417782217172
2025-10-05T14:16:58.723050,43.39919849095715,38.365491818779674,5,1.057630727946266,11.347649611287897,32.53687919973843,28.308537945317525,58.210072661115106
2025-10-05T14:16:58.723059,5,32.182364828236445,5,1.032109815976,25.88969490608642,62.36165747619356,27.947943904733542,70.05965686010546
2025-10-05T14:16:58.723067,53.183736316839166,59.94225167789631,24.45503238468721,0.6276356046357596,9.364861187123301,58.62742358630318,26.54994157137228,49.54517914615511
2025-10-05T14:16:58.723077,64.74653150422616,44.35859318551174,20.110937493867592,1.0702182867987358,3.673509265184718,48.47324803767435,20.287989123527446,48.65596284973289
2025-10-05T14:16:58.723087,46.877270371651264,72.7194797917744,11.983394547337062,1.1233468939223281,21.113403460300958,47.66727970187895,20.63940541497733,76.73595692780395
2025-10-05T14:16:58.723096,56.21857919766992,18.79636072605631,16.42762360643699,1.8828065984829383,10.469552076834187,36.47712265121681,21.565040742896482,59.035653011501694
2025-10-05T14:16:58.723104,56.524838050870414,31.669342630434414,45.17317572590012,0.1,15.456390086979436,39.31201122682835,27.930097237140032,78.52576563485437
2025-10-05T14:16:58.723111,21.807070649823764,59.84981393232517,7.410894222798447,2.0873744471899327,11.045207798657959,44.24459790941535,29.86251221058302,79.5864364513713
2025-10-05T14:16:58.723119,7.311431812481143,53.04757619243889,33.17930669053789,0.29442753507340236,5.554808985992616,13.435427360749522,32.96227223214541,68.55305505848241
2025-10-05T14:16:58.723130,5,62.668777592776756,24.01076187258239,2.5745395292262714,14.38383225456723,29.05827197345183,28.88962021095044,72.31103300188798
2025-10-05T14:16:58.723138,35.54232667266893,44.594639434374024,17.11127080709938,0.6056959519325368,21.1098442431577,42.056671205545946,21.8017008739701,48.59377271999455
2025-10-05T14:16:58.723146,75.28495010341446,62.97055878674818,25.589548325186875,1.1854246293277582,1,18.799978832428167,26.154903138955895,49.16817420989347
2025-10-05T14:16:58.723154,22.913583599975222,31.821256056195963,10.901194945235233,0.647963099594104,14.608333427863805,67.62735923463933,27.654892652269147,30.006795569863772
2025-10-05T14:16:58.723161,5.119668116695387,44.31833365411806,28.426792199194264,0.6330612323287563,19.619596815139673,60.42796131481066,19.35816107697289,53.189707936702035
2025-10-05T14:16:58.723170,42.55132083263903,27.24115329851262,36.92900797614236,0.8689510536350302,16.561866361243403,30.39693299702727,31.686788585292064,62.8784694032584
2025-10-05T14:16:58.723178,21.73656437172163,70.98108535470013,5,1.7442790655604272,15.671798887025727,53.0359493841306,20.023937782786298,42.559065704241085
2025-10-05T14:16:58.723186,50.18663499614193,47.68580881829309,21.13495754651311,0.7740831570173737,1,50.8375478376348,34.14632516706091,33.22494915552849
2025-10-05T14:16:58.723193,34.748592802036846,53.98982362318863,32.72005934318415,0.14415060331941876,17.379064285418863,33.222317363805494,31.401313954010114,51.30286053565746
2025-10-05T14:16:58.723202,56.47815470419673,57.16168004766061,11.052224308567759,1.418277319042821,17.285910757131436,38.60481035838178,29.887048773396018,52.136718051340175
2025-10-05T14:16:58.723210,31.63880139080185,14.71640325933101,19.925220947002902,0.8290315462294899,7.669479270771046,56.367948640679025,32.96914624889699,46.54605501366022
2025-10-05T14:16:58.723221,38.22928437919141,54.79367316711133,28.1566092877167,1.092778074671022,22.823489403858982,70.40501956863248,28.26348454448836,53.82286546324317
2025-10-05T14:16:58.723229,28.83229832111659,33.40538614951815,31.069317954036812,0.6530790784469733,12.015337660654012,43.12064515655322,26.92006082155087,53.32209978900873
2025-10-05T14:16:58.723236,52.632667344248816,59.617963645608334,23.962312337763713,1.0071290961741453,20.38661962786675,26.131583357532584,32.067043071265786,73.87717008464703
2025-10-05T14:16:58.723244,37.42120795610967,83.85407928784446,15.717184225765244,1.915661310951617,14.900080363085985,50.82873281356155,28.211534997221516,68.18818534808442
2025-10-05T14:16:58.723252,25.4744280443379,78.97551387907345,28.947658664136284,0.2577316429341969,22.577193037166555,47.71796056193843,21.303893940036875,78.29473632788753
2025-10-05T14:16:58.723260,47.571438250255675,75.96311644581435,29.6412638941641,0.9847257090863613,1.4881908199115799,28.368533330888198,27.535311695803482,48.457058064515266
2025-10-05T14:16:58.723267,18.61369768266548,54.33158275941625,5,1.263384540406523,11.058048353715424,18.55345997921958,19.634676486193968,49.185363940482816
2025-10-05T14:16:58.723275,18.091801402904014,35.8134998782764,59.42319189702775,0.8088746564849189,2.1156823200459325,27.927417160711933,34.43148925542614,53.946784393849754
2025-10-05T14:16:58.723285,13.718334452978805,47.80373897618554,28.066306765922935,0.7762450909284785,16.462357066899227,51.84024211140233,23.06803414068997,61.53397880881761
2025-10-05T14:16:58.723300,41.55932032303685,85.28596537218294,26.798475288961427,1.018323095556578,13.469403460950321,56.497588051536525,15.495456984121107,56.87376102780702
2025-10-05T14:16:58.723313,59.97648999784324,58.721813088730094,23.799829419704174,0.6727426395074461,7.573722288180407,50.191604918281676,20.79506335515837,49.19959574930337
2025-10-05T14:16:58.723327,22.992107171975555,50.0061239770177,39.31485298343527,0.8874213010958434,13.064774113101404,50.85167886491386,17.250492889735753,39.20276969909635
2025-10-05T14:16:58.723340,56.36599212578613,20.883551392100063,21.883932208946973,0.49110903932244154,11.144918766925365,40.40502864041236,34.356850163855015,37.33363154463057
2025-10-05T14:16:58.723353,43.68300916095751,95.35889064125902,21.511498256502016,1.7757146979686333,1,37.804853611942136,34.96680017158281,79.85944827848326
2025-10-05T14:16:58.723367,29.223562321240234,63.92384671298282,24.762250395869394,1.2131551126859594,19.302294521678096,70.8252324581002,25.10193061675635,79.09404215978452
2025-10-05T14:16:58.723380,43.04760729455099,99.72448116715475,20.09725393158495,1.0019719247616719,3.502399615272978,50.64976917096317,20.04545466690712,71.31925609710815
2025-10-05T14:16:58.723397,27.060203356503955,73.16658978197852,26.455400541024733,1.3292119879791886,7.606595482083411,20.72296993904019,28.711829710878412,78.7136819755799
2025-10-05T14:16:58.723414,56.682994488424974,47.179914793765356,30.94963731172419,0.9037746214229184,30.359220817247024,44.24779726682487,25.316067522685607,65.57279155155615
2025-10-05T14:16:58.723427,21.74795552206986,90.7677742691503,26.080093700704833,0.29712975745880044,15.023608797429349,32.62346651550104,27.063834308586685,52.980635725903454
2025-10-05T14:16:58.723441,29.713805215530158,89.42523302093315,18.084247967688256,1.4903005106916327,29.99288118217639,41.100671886742454,25.50786028216593,45.81520905458164
2025-10-05T14:16:58.723454,40.85940259411321,10,19.634957812824087,0.6610576607354561,17.587320508258635,41.163154600744235,25.06458115554988,39.11378805648045
2025-10-05T14:16:58.723468,62.78020496992023,44.42157203943411,33.895730041626045,0.855382282503932,9.41483693105928,23.43921916038694,25.154806958489452,48.92177773474184
2025-10-05T14:16:58.723480,55.36270280577898,61.58878998930782,39.94975800249259,1.0296260757359734,9.054914671300187,54.19414907667605,25.27684510240789,33.31157735439733
2025-10-05T14:16:58.723492,27.563162753620084,64.13122025269361,33.05979588471256,0.7343969787011742,13.270489721342742,23.21141810500188,23.195610556502793,79.87427199314428
2025-10-05T14:16:58.723505,25.51105224750649,55.613152179397616,26.95981733963709,0.7439247534397095,27.85175967486755,31.633668019448933,26.065662315085156,69.7364112674135
2025-10-05T14:16:58.723519,58.795492426454246,38.968386249575545,34.31350031747948,1.3822438768290808,1,31.787498605818204,29.420162038702973,70.12447998121459
2025-10-05T14:16:58.723531,25.02347101980548,23.901803905520513,34.1286441950654,1.3982464251100721,15.264096212594362,58.23313718426212,20.285504153637,46.10769139695237
2025-10-05T14:16:58.723538,19.01223994337038,42.72783569269285,11.45196307785438,1.1121118981462448,9.81003503396503,60.947596033680036,23.88237874141712,39.8446894051489
2025-10-05T14:16:58.723546,51.18011943056737,15.751501229864608,30.207054709625638,0.7846725177864214,1,21.062394986751098,27.234321786701255,73.56833310749846
2025-10-05T14:16:58.723556,27.613988358677258,56.481865799793496,37.660952686756985,0.5381719637110017,12.352621785936902,18.062898077995904,24.37576270799592,76.53691627186512
2025-10-05T14:16:58.723564,33.19835451632939,11.58028969766346,45.282615924110644,0.9280425188469925,11.490625872748085,49.79957529310938,30.650327726771096,54.55044582735274
2025-10-05T14:16:58.723572,34.29100760214605,96.43317519576044,29.154685231263727,1.32565960236904,12.276565465292062,22.302227700845286,26.604457356582472,71.87551366716104
2025-10-05T14:16:58.723579,58.599363172621054,23.924201837146047,28.014058200024063,0.9224464896600876,2.9737047145176216,62.836035062562004,20.42190325259764,70.15438092005911
2025-10-05T14:16:58.723592,34.4457801520129,107.39821362672322,13.674149336444398,1.0039237290317609,22.061799763185228,39.11007607710297,23.168732964536538,57.94592490535414
2025-10-05T14:16:58.723599,47.000905864301245,80.25608849933147,50.701815671586814,0.822555535745608,12.150554127442676,44.57485852809617,22.916252158584484,30.834881001576004
2025-10-05T14:16:58.723607,49.83465146395762,69.92452522582288,7.570277635885109,1.2185637357318817,2.4442777333428225,31.257806232537895,16.609922596195425,59.6177678214346
2025-10-05T14:16:58.723617,51.36028378620303,24.9659107133394,17.353593212234323,1.5951821708514158,19.995581421679084,26.85940662445899,22.660471161166058,37.05236330655944
2025-10-05T14:16:58.723632,59.95265185349824,34.74519401367216,7.110074725705452,0.8050669433300274,13.784566133719771,32.88263124332379,29.377780131258085,70.64399705331951
2025-10-05T14:16:58.723644,28.97183646790176,65.31817773039566,34.80680162656069,1.2865745132969297,16.088818171632596,35.20069619700129,29.50753160002259,43.7767602172964
2025-10-05T14:16:58.723657,40.809170612698864,53.163062832315774,11.304198285699957,0.6456841894059169,16.131469867846306,49.00084964417644,22.44195631372485,32.1876390308181
2025-10-05T14:16:58.723671,39.673201985720965,117.59343548740766,20.086627704887725,0.6224163907833149,7.130052963933644,36.969654672583154,15.778333407692537,71.15016985536408
2025-10-05T14:16:58.723685,57.336929641077624,47.63556745333386,30.168396395063077,1.393886460539147,21.939642793004303,43.31380628120758,22.80329611994096,61.698642561919165
2025-10-05T14:16:58.723698,30.70587911902495,55.48919244888984,20.575416719325986,1.528998425790863,23.017404955861423,35.74890995604919,21.137223739068467,46.54880828199659
2025-10-05T14:16:58.723712,43.00891927419272,57.30276395886045,25.78307763880087,0.2719070277557708,12.979391327303953,57.16115245936909,16.287288202150798,37.65647491555634
2025-10-05T14:16:58.723724,31.049142951376517,49.26504159656858,30.996751244792677,1.528130324833627,9.031112447310498,52.98185856278762,24.994968593966778,37.328450566944355
2025-10-05T14:16:58.723738,55.39434756899241,56.043475061693975,38.85372162994128,1.93329076575762,1,29.998982418177135,17.209502370718106,44.32034221016866
2025-10-05T14:16:58.723751,52.193071518539114,46.66567239207201,5.439442937285069,1.1117333504421703,3.861380075624826,29.963398294653004,19.980080886121478,39.23344726052718
2025-10-05T14:16:58.723766,21.64976776116025,44.750524299652625,15.37554407497629,0.6107398986312946,8.29767155555823,32.96205995181002,16.20247655919084,53.70728022979377
2025-10-05T14:16:58.723779,53.70823537841053,40.39994804836449,40.210333530700154,1.3940637936845661,1.8030539252228532,51.6809756847141,24.299082955783916,64.02696431494749
2025-10-05T14:16:58.723797,22.37876634482299,61.17655061308216,27.412942988655814,0.7842314804294153,9.563127251855002,47.073671637089774,16.766599362387677,69.10112795219223
2025-10-05T14:16:58.723810,39.08185666768086,94.78312318425253,39.753296822443104,0.8524219509410778,17.096927827164194,48.69375995235326,24.53421429398736,67.95259193321988
2025-10-05T14:16:58.723823,77.87971824702032,68.97919938289195,22.097288881838274,1.2055417730054747,2.074681823033016,48.71350015697968,27.322871501328667,68.49467667839724
2025-10-05T14:16:58.723836,10.322092814858074,93.48941349455094,61.14489504828843,2.1955238146058442,10.961535264932627,55.92826629471437,24.716188803043355,56.280532461449965
2025-10-05T14:16:58.723854,37.750352903580556,23.02723343583915,23.93440797412289,1.089452184592983,9.561652560333641,57.76652617245847,20.045783238910772,69.9013119801233
2025-10-05T14:16:58.723862,24.617157502523526,30.466939081090107,16.63154126233147,1.7643321892645902,3.4488070376619184,51.97593409825181,30.08381225616955,41.28972552160721
2025-10-05T14:16:58.723869,50.60790264358392,68.59853018971049,26.104981484317904,0.5070174274860937,22.07517729221704,47.88875366146235,34.978780661389,68.25300376562163
2025-10-05T14:16:58.723877,31.1097710338532,104.40159648027567,38.39506776655135,1.0575607832526124,22.05441502307505,34.767106755689824,29.36999337673905,53.40769501125453
2025-10-05T14:16:58.723884,34.78398907229484,41.420031125138784,35.1313480938899,1.8732921269062492,11.983163461602292,36.24621665647323,27.746672868525394,57.687532415979305
2025-10-05T14:16:58.723892,33.57098237183219,44.44481532314602,12.872530199108052,0.8441960290586963,17.42655567631106,29.98551900190556,24.783596021830974,53.16727949554022
2025-10-05T14:16:58.723899,18.366411302362618,95.4543629755627,5,1.1564138342374959,18.195895799834908,37.31338048376731,29.016516614234334,44.72361856925477
2025-10-05T14:16:58.723907,38.58000459317796,32.279088325407784,13.51112827681481,1.245912062095226,12.276184399644709,41.42215014342953,22.32951211856152,34.196694281157384
2025-10-05T14:16:58.723915,27.430722093854605,60.196259340607554,22.57743484032817,0.8804147033973873,9.896717253279007,38.44473990005858,18.44233858428392,75.98196726396766
2025-10-05T14:16:58.723922,5,22.986853260197783,38.3329382333412,1.0558060327116916,6.872560260718804,38.69259636696406,28.842317450031548,75.33051561725634
2025-10-05T14:16:58.723931,42.57336496953485,57.05275380736374,29.776316763000025,1.4818686345379741,11.916124791686522,54.55082413069057,19.57865544180041,42.151309773735406
2025-10-05T14:16:58.723938,23.44326714866522,77.34316610892934,30.208352899827563,0.5089097430311125,17.8452436097752,35.63280444293984,21.007488529886984,78.30611202211583
2025-10-05T14:16:58.723948,16.534632811077998,71.82963571569753,20.262328924084333,1.6673179909920468,5.200510993669197,34.89615654945719,17.812139621330054,79.07909262418661
2025-10-05T14:16:58.723955,5.321714547579109,51.64823206758108,6.457575355638095,2.303248166259733,12.780246530103687,38.2760965297606,27.86621793558725,37.12078820857214
2025-10-05T14:16:58.723965,5,40.19725700678836,23.890299584653498,1.0319466298555466,6.921247821224861,40.578397432216065,24.82862158555682,42.8689544988857
2025-10-05T14:16:58.723973,38.26354990939188,55.79108592183949,22.950081483639334,1.2401413004372714,4.9381363358076875,20.393109768328323,18.65829771098682,77.6768249553139
2025-10-05T14:16:58.723980,33.5086347864419,43.66805745455854,30.305459563621643,1.5425378821536015,10.247704897360807,33.8509559755206,32.336224808966946,52.6974323224093
2025-10-05T14:16:58.723987,50.05342977002091,57.407850910673766,24.753396382794286,0.47028005952088625,19.547268382474265,28.574449080591442,22.198307445670743,64.21031180380243
2025-10-05T14:16:58.723995,47.75413530127938,65.1359120653167,28.47138994251697,0.1,2.953316435317042,57.14654649871855,18.053506536183143,74.06644683687378
2025-10-05T14:16:58.724009,41.539303768686395,42.67491282719074,18.965308454613613,1.121994906080604,22.280023747498113,34.55356802254153,17.30137302938272,38.777905443508885
2025-10-05T14:16:58.724021,42.26349062003767,38.55206111727078,5,1.2156043618793444,12.8566611618997,45.24879793848221,34.58765347706977,65.27014868973743
2025-10-05T14:16:58.724034,31.6906970715201,42.15827885086981,8.595214967384656,0.3361833008293459,11.368439860285124,47.22583788818312,20.530702624611674,54.00873669039767
2025-10-05T14:16:58.724048,69.88049890103844,23.29617626696808,30.711642256288282,0.9587130775235141,10.372661259007156,44.934422372320995,19.37782961897659,73.94618520995871
2025-10-05T14:16:58.724063,43.40128604871341,73.03131486827023,34.06573107008396,0.4118035165701619,20.947557402542767,57.22388785013638,30.54652280749937,63.445233963068624
2025-10-05T14:16:58.724076,27.61645832033623,32.55201291970511,34.753401459246845,1.180894711369649,11.320651875516203,12.619751003864064,27.1433541409346,79.52514314125986
2025-10-05T14:16:58.724088,56.14412253281769,35.60878532314231,24.082171177291638,1.4584498868036317,17.701521313637876,41.77829259709114,16.93327766296902,50.61695532381447
2025-10-05T14:16:58.724102,38.986791357914456,46.05230912556931,41.623227370166276,0.9455784944412172,13.225449689363613,58.89605347845938,23.076816492516237,30.968695800937063
